coin,telegram_links
tether,"[""https://t.me/OfficialTether""]"
bnb,"[""https://t.me/binanceexchange""]"
cardano,"[""https://t.me/Cardano""]"
solana,"[""https://t.me/solana""]"
polkadot-new,"[""https://t.me/PolkadotOfficial""]"
avalanche,"[""https://t.me/avalancheavax""]"
polygon,"[""https://t.me/polygonofficial""]"
shiba-inu,"[""http://t.me/shibainuthedogecoinkiller""]"
tron,"[""http://t.me/tronnetworkEN""]"
ethereum-classic,"[""https://telegram.me/ethclassic""]"
unus-sed-leo,"[""https://t.me/bfxtelegram""]"
litecoin,"[""https://telegram.me/litecoin""]"
near-protocol,"[""https://t.me/cryptonear""]"
chainlink,"[""https://t.me/chainlinkofficial""]"
ftx-token,"[""https://t.me/FTX_Official""]"
cronos,"[""https://t.me/CryptoComOfficial""]"
cosmos,"[""https://t.me/cosmosproject""]"
monero,"[""https://telegram.me/monero""]"
flow,"[""https://t.me/flow_blockchain""]"
algorand,"[""https://t.me/AlgorandFoundation""]"
vechain,"[""https://t.me/vechain_official_english""]"
internet-computer,"[""https://t.me/DFinity""]"
decentraland,"[""https://t.me/DecentralandTG""]"
the-sandbox,"[""https://t.me/sandboxgame""]"
tezos,"[""https://t.me/tezosplatform""]"
hedera,"[""https://t.me/hederahashgraph""]"
axie-infinity,"[""https://t.me/axieinfinity""]"
aave,"[""https://t.me/Aavesome""]"
quant,"[""https://t.me/QuantOverledger"",""https://t.me/quantnetworkannouncements""]"
elrond-egld,"[""https://t.me/ElrondNetwork""]"
okb,"[""https://t.me/okexofficial_en""]"
trueusd,"[""https://t.me/TUSDofficial_EN""]"
zcash,"[""https://t.me/Zcash_Community""]"
chiliz,"[""https://t.me/chiliz_io""]"
helium,"[""https://t.me/helium_network""]"
maker,"[""https://t.me/makerdaoOfficial""]"
fantom,"[""https://t.me/Fantom_English""]"
the-graph,"[""https://t.me/GraphProtocol""]"
thorchain,"[""https://t.me/thorchain_org""]"
bittorrent-new,"[""https://t.me/BTTBitTorrent""]"
lido-dao,"[""https://t.me/lidofinance""]"
klaytn,"[""https://t.me/Klaytn_EN""]"
ecash,"[""https://t.me/ecash_official""]"
celsius,"[""https://t.me/celsiusnetwork""]"
neo,"[""https://t.me/NEO_EN""]"
curve-dao-token,"[""https://t.me/curvefi""]"
usdd,"[""https://t.me/usddio""]"
pancakeswap,"[""https://t.me/PancakeSwap""]"
basic-attention-token,"[""https://t.me/batproject""]"
neutrino-usd,"[""https://t.me/neutrino_group"",""https://t.me/neutrino_protocol_news""]"
waves,"[""https://t.me/Wavescommunity""]"
stacks,"[""https://t.me/StacksChat""]"
enjin-coin,"[""https://t.me/enjin""]"
loopring,"[""https://t.me/loopring_en""]"
zilliqa,"[""https://t.me/zilliqachat""]"
dash,"[""https://t.me/dash_chat""]"
green-metaverse-token,"[""https://t.me/STEPNofficial""]"
nexo,"[""https://t.me/nexofinance""]"
kava,"[""https://t.me/kavalabs""]"
bitcoin-gold,"[""https://t.me/BitcoinGoldHQ""]"
celo,"[""https://t.me/celoplatform""]"
decred,"[""https://t.me/Decred""]"
1inch,"[""https://t.me/OneInchNetwork""]"
oasis-network,"[""https://t.me/oasisprotocolcommunity""]"
gala,"[""https://t.me/GoGalaGames""]"
convex-finance,"[""https://t.me/convexEthChat""]"
trust-wallet-token,"[""https://t.me/trust_announcements""]"
holo,"[""http://t.me/channelHolo""]"
qtum,"[""https://t.me/qtumofficial""]"
ankr,"[""https://t.me/ankrnetwork""]"
xinfin,"[""https://t.me/xinfintalk"",""https://t.me/xinfintech""]"
fei-usd,"[""https://t.me/feiprotocol""]"
yearn-finance,"[""https://t.me/iearnfinance"",""https://t.me/yearnfinance""]"
ravencoin,"[""https://t.me/RavencoinDev""]"
kadena,"[""https://t.me/kadena_io""]"
harmony,"[""https://t.me/harmony_one""]"
iotex,"[""https://t.me/IoTeXGroup""]"
bora,"[""https://t.me/boraofficial"",""https://t.me/BORAofficial_kr""]"
omg,"[""https://t.me/omgnetwork""]"
reserve-rights,"[""https://t.me/reservecurrency""]"
just,"[""https://t.me/just_defi""]"
livepeer,"[""https://t.me/livepeerorg""]"
iostoken,"[""https://t.me/officialios""]"
kyber-network-crystal-v2,"[""https://t.me/officialkybernetwork""]"
serum,"[""https://t.me/ProjectSerum""]"
btc-standard-hashrate-token,"[""https://t.me/BTCST_Community_EN""]"
zel,"[""https://t.me/runonflux""]"
wootrade,"[""https://t.me/woo_english""]"
wax,"[""https://t.me/waxtokenannoucements""]"
hive-blockchain,"[""https://t.me/hiveblockchain""]"
terrausd,"[""https://t.me/TerraLunaChat""]"
ontology,"[""https://t.me/OntologyNetwork""]"
skale-network,"[""https://t.me/skaleofficial""]"
moonbeam,"[""https://t.me/Moonbeam_Official""]"
sxp,"[""https://t.me/Solar""]"
secret,"[""https://t.me/scrtcommunity""]"
polymath-network,"[""https://t.me/PolymathNetwork""]"
digibyte,"[""https://t.me/DigiByteCoin"",""https://t.me/DGBalerts""]"
casper,"[""https://t.me/casperblockchain""]"
playdapp,"[""https://t.me/playdapp_official"",""https://t.me/cryptodozer_io""]"
swissborg,"[""https://t.me/SwissBorgChat""]"
render-token,"[""https://t.me/RenderTokenOfficial""]"
ceek-vr,"[""https://t.me/ceekmetaverse""]"
celer-network,"[""https://t.me/celernetwork""]"
dogelon,"[""https://t.me/DogelonMars""]"
mxc,"[""https://t.me/mxcfoundation""]"
keep-network,"[""https://t.me/KeepNetworkOfficial""]"
ren,"[""https://t.me/renproject"",""https://t.me/renprojectann""]"
apenft,"[""https://t.me/apenftEN""]"
nervos-network,"[""https://t.me/nervosnetwork""]"
abbc-coin,"[""https://t.me/abbcfoundation""]"
dao-maker,"[""https://t.me/daomaker"",""https://t.me/daomaker_trading""]"
pundix-new,"[""https://t.me/pundix""]"
medibloc,"[""https://t.me/medibloc""]"
nucypher,"[""https://t.me/nucypher""]"
nano,"[""https://t.me/nanocurrency""]"
ontology-gas,"[""https://t.me/OntologyNetwork"",""https://t.me/OntologyNetworkCN""]"
orbs,"[""https://t.me/OrbsNetwork""]"
constellation,"[""https://t.me/constellationcommunity""]"
ocean-protocol,"[""https://t.me/OceanProtocol_Community"",""https://t.me/oceanprotocol""]"
wink,"[""https://t.me/WINkLink_Oracle_official""]"
acala,"[""https://t.me/acalaofficial""]"
api3,"[""https://t.me/API3DAO""]"
coti,"[""https://t.me/COTInetwork""]"
request,"[""https://t.me/requestnetwork""]"
ellipsis,"[""https://t.me/ellipsisfinance""]"
power-ledger,"[""https://t.me/powerledger""]"
conflux-network,"[""https://t.me/Conflux_English""]"
mx-token,"[""https://t.me/MEXCEnglish"",""https://t.me/MEXCofficialNews""]"
function-x,"[""https://t.me/functionx""]"
numeraire,"[""https://t.me/NMR_Official""]"
bancor,"[""https://telegram.me/bancor""]"
energy-web-token,"[""https://t.me/energyweb""]"
chromia,"[""https://t.me/hellochromia""]"
ardor,"[""https://t.me/ardorplatform""]"
syscoin,"[""https://t.me/Syscoin_Official""]"
dent,"[""https://t.me/dentcoin""]"
injective-protocol,"[""https://t.me/joininjective""]"
telcoin,"[""https://t.me/telcoincommunity"",""https://t.me/Telcoin_Announcements""]"
prom,"[""https://t.me/prom_io""]"
raydium,"[""https://t.me/raydiumprotocol"",""https://t.me/raydium""]"
cartesi,"[""https://t.me/cartesiproject""]"
rlc,"[""https://t.me/iexec_rlc_official""]"
ultra,"[""https://t.me/ultra_io""]"
hex,"[""https://t.me/HEXcrypto""]"
wrapped-tron,"[""http://t.me/tronnetworkEN""]"
steth,"[""https://t.me/lidofinance""]"
youcash,"[""https://t.me/YouEngineGroup""]"
chain,"[""https://t.me/Chain""]"
toncoin,"[""https://t.me/tonblockchain""]"
frax,"[""https://t.me/fraxfinance""]"
bitdao,"[""https://t.me/BitDAO_Official""]"
bittorrent,"[""https://t.me/BTTBitTorrent""]"
huobi-btc,"[""https://t.me/huobiglobalofficial""]"
defichain,"[""https://t.me/defiblockchain""]"
nxm,"[""https://t.me/joinchat/K_g-fA-3CmFwXumCKQUXkw""]"
threshold,"[""https://t.me/thresholdnetwork,%20https://t.me/Threshold_unofficial""]"
osmosis,"[""https://t.me/osmosis_chat""]"
wemix,"[""https://t.me/WEMIX_Global"",""https://t.me/WEMIX_KOR""]"
counos-x,"[""https://t.me/counosio"",""https://t.me/csccryptocurrency""]"
binaryx,"[""https://t.me/binaryxGlobal""]"
fruits-eco,"[""https://t.me/fruits_official""]"
safe,"[""https://t.me/safeanwang""]"
terra-luna-v2,"[""https://t.me/TerraNetworkLobby""]"
metisdao,"[""https://t.me/MetisDAO""]"
metaverse-dualchain-network-architecture,"[""https://t.me/mvsdna""]"
baby-doge-coin,"[""https://t.me/babydogecoin""]"
vvs-finance,"[""https://t.me/VVSFinance""]"
astar,"[""https://t.me/PlasmOfficial""]"
humanscape,"[""https://t.me/Humanscape""]"
radio-caca,"[""https://t.me/RadioCaca""]"
wrapped-everscale,"[""https://t.me/everscale""]"
everscale,"[""https://t.me/everscale""]"
ufo-gaming,"[""https://t.me/ufotokenofficial""]"
chainbing,"[""https://t.me/ChainbingOfficial""]"
mvl,"[""https://t.me/mvlchain_en"",""https://t.me/mvlchain_kr""]"
stasis-euro,"[""https://t.me/STASIS""]"
anyswap,"[""https://t.me/anyswap""]"
aurora-near,"[""https://t.me/auroraisnear""]"
insure,"[""https://t.me/insuretoken"",""https://t.me/insuredefi""]"
metacraft,"[""https://t.me/MetaCraftGame""]"
centrifuge,"[""https://t.me/centrifuge_chat""]"
platoncoin,"[""https://t.me/platonfinance_official""]"
xyo,"[""https://t.me/xyonetwork""]"
orbit-chain,"[""https://t.me/Orbit_Chain""]"
vulcan-forged-pyr,"[""https://t.me/VeriArti""]"
stratis,"[""https://t.me/StratisPlatform""]"
adshares,"[""https://t.me/adshares""]"
biconomy,"[""https://t.me/biconomy""]"
frax-share,"[""https://t.me/fraxfinance""]"
ergo,"[""https://telegram.me/ergoplatform""]"
lukso,"[""https://t.me/LUKSO""]"
coin98,"[""https://t.me/coin98_wallet""]"
usdx-kava,"[""https://t.me/kavalabs""]"
uquid-coin,"[""https://t.me/uquidcoinofficial""]"
venus-usdc,"[""https://t.me/VenusProtocol""]"
avinoc,"[""https://t.me/AVINOC""]"
biswap,"[""https://t.me/biswap""]"
pirate-chain,"[""https://t.me/piratechain""]"
aelf,"[""https://t.me/aelfblockchain""]"
wrapped-velas,"[""https://t.me/velascommunity"",""https://t.me/VelasDevelopers""]"
stormx,"[""https://t.me/stormxapp""]"
velas,"[""https://t.me/velascommunity"",""https://t.me/VelasDevelopers""]"
origintrail,"[""https://t.me/origintrail""]"
metal,"[""https://t.me/MetalPayCommunity""]"
bifrost,"[""https://t.me/Bifrost_Global"",""https://t.me/Bifrostnotice""]"
revain,"[""https://t.me/joinchat/CzZcC0PCgpJcbBCb3JfNeQ""]"
vethor-token,"[""https://t.me/vechain_official_english""]"
seedify-fund,"[""https://t.me/seedifyfundofficial""]"
voyager-token,"[""https://t.me/joinchat/H9SuYEmNirTJFHtMqtc70A""]"
creditcoin,"[""https://t.me/creditcoinctc""]"
maple,"[""https://t.me/maplefinance""]"
ampleforth,"[""https://t.me/Ampleforth""]"
mdex,"[""https://t.me/MdexEN""]"
funtoken,"[""https://t.me/officialFUNToken""]"
reef,"[""https://t.me/reefchain""]"
nest-protocol,"[""https://t.me/nest_chat""]"
standard-tokenization-protocol,"[""https://t.me/STPofficial""]"
origin-protocol,"[""https://t.me/originprotocol""]"
boba-network,"[""https://t.me/bobanetwork""]"
ampleforth-governance-token,"[""https://t.me/Ampleforth""]"
myneighboralice,"[""https://t.me/MyNeighborAlice""]"
persistence,"[""https://t.me/PersistenceOneChat""]"
rakon,"[""https://t.me/rkntoken""]"
alien-worlds,"[""https://t.me/AlienWorldsOffical""]"
moonriver,"[""https://t.me/Moonbeam_Official""]"
shentu,"[""https://t.me/certikfoundation""]"
veritaseum,"[""https://t.me/joinchat/G_22OhA7UgN6b-7hTSFSTA""]"
radicle,"[""https://t.me/radicleworld""]"
aragon,"[""https://t.me/AragonProject""]"
nkn,"[""https://t.me/nknorg""]"
deapcoin,"[""https://t.me/DEAPcoin_group"",""https://t.me/DEAP001""]"
1eco,"[""https://t.me/one_ecoGlobal""]"
rari-governance-token,"[""https://t.me/RariCapitalChat""]"
renbtc,"[""https://t.me/renproject"",""https://t.me/renprojectann""]"
venus,"[""https://t.me/VenusProtocol""]"
dawn-protocol,"[""https://t.me/dawnprotocol""]"
hxro,"[""https://t.me/Hxro_Consortium""]"
somesing,"[""https://t.me/somesinglovers_EN""]"
sologenic,"[""https://t.me/SOLOGENICxGoSOLO""]"
alchemy-pay,"[""https://t.me/alchemy_official""]"
bloktopia,"[""https://t.me/Bloktopia"",""https://t.me/Bloktopia""]"
freeway-token,"[""https://t.me/FreewayFi_Official_Community""]"
quarkchain,"[""https://t.me/quarkchainio""]"
strike,"[""https://t.me/StrikeFinance"",""https://t.me/StrikeNews""]"
metadium,"[""https://t.me/MetadiumOfficial""]"
illuvium,"[""https://t.me/illuvium""]"
mrweb-finance-v2,"[""https://t.me/mrwebfinance""]"
ark,"[""https://t.me/arkannouncements""]"
sport-and-leisure,"[""https://t.me/snlgroup"",""https://t.me/snltoken""]"
utrust,"[""https://t.me/utrustofficial""]"
rsk-infrastructure-framework,"[""https://t.me/rif_os_community""]"
superfarm,"[""https://t.me/SuperFarmDAO"",""https://t.me/SuperFarmANN""]"
sun-token,"[""https://t.me/SunIO_Defi""]"
verasity,"[""https://t.me/Verasity_Official""]"
mines-of-dalarnia,"[""https://t.me/MinesOfDalarnia""]"
alpha-finance-lab,"[""https://t.me/AlphaFinanceLab""]"
everipedia,"[""https://t.me/everipedia""]"
loom-network,"[""https://t.me/loomnetwork""]"
tribe,"[""https://t.me/feiprotocol""]"
moviebloc,"[""https://t.me/moviebloc""]"
dusk-network,"[""https://t.me/DuskNetwork""]"
zb-token,"[""https://t.me/ZB_support""]"
beta-finance,"[""https://t.me/BetaFinanceProtocol""]"
gxchain,"[""https://t.me/GXChain_international""]"
hedgetrade,"[""https://t.me/HedgeTradeHQ""]"
propy,"[""https://t.me/joinchat/AAAAAENZVo1O6X7rusdRWg""]"
locus-chain,"[""https://t.me/locusofficialGroup"",""https://t.me/locusofficial""]"
glitzkoin,"[""https://t.me/glitzkoin_token""]"
bakerytoken,"[""https://t.me/bakeryswap""]"
polkastarter,"[""https://t.me/polkastarter""]"
singularitynet,"[""https://t.me/singularitynet""]"
cvault-finance,"[""https://t.me/COREVault""]"
verge,"[""https://t.me/VERGExvg""]"
band-protocol,"[""https://t.me/bandprotocol""]"
aleph-im,"[""https://t.me/alephim"",""https://t.me/+K-tPZk-5FzRlOThk""]"
proton,"[""https://t.me/protonxpr""]"
aavegotchi,"[""https://t.me/aavegotchi""]"
yearn-finance-ii,"[""https://t.me/yfiifinance""]"
hyperion,"[""https://t.me/HyperionOfficialHYN""]"
thundercore,"[""https://t.me/thunder_official""]"
tomochain,"[""https://t.me/tomochain""]"
samoyedcoin,"[""https://t.me/samoyedcoin""]"
aergo,"[""https://t.me/aergoofficial""]"
bridge-oracle,"[""https://telegram.me/BridgeOracle""]"
mobox,"[""https://t.me/mobox_io""]"
badger-dao,"[""https://t.me/badger_dao""]"
enzyme,"[""https://t.me/enzymefinance""]"
lcx,"[""http://t.me/JoinLCX""]"
splintershards,"[""https://t.me/splinterlandsHQ""]"
divi,"[""https://t.me/diviproject""]"
world-mobile-token,"[""https://t.me/WorldMobileTeam"",""https://t.me/WorldMobileAnnouncements""]"
cult-dao,"[""https://t.me/cultdaothemany""]"
venus-busd,"[""https://t.me/VenusProtocol""]"
electroneum,"[""https://t.me/joinchat/DxoSakHOdk5mqsE-LelfVg""]"
dkargo,"[""https://t.me/dKargo_Official_KR""]"
hunt,"[""https://t.me/steemhunt""]"
hoo-token,"[""https://t.me/chaince_foreign_group""]"
idex,"[""https://t.me/IDEXChat""]"
bitmax-token,"[""https://t.me/AscendEXEnglish""]"
telos,"[""https://t.me/HelloTelos""]"
arpa-chain,"[""https://t.me/arpa_community""]"
xcad-network,"[""https://t.me/xcademy""]"
unifi-protocol-dao,"[""https://t.me/unifiprotocol""]"
mask-network,"[""https://t.me/maskbook_group""]"
vai,"[""https://t.me/VenusProtocol"",""https://t.me/VenusProtocol""]"
orion-protocol,"[""https://t.me/orionprotocol""]"
marlin,"[""https://t.me/marlinprotocol""]"
cocos-bcx,"[""https://t.me/cocosbcxen""]"
chrono-tech,"[""https://t.me/chronotech""]"
axel,"[""https://t.me/axelnetwork""]"
dero,"[""https://t.me/DeroProjectGroup""]"
ramp,"[""https://t.me/rampdefiofficial""]"
mrweb-finance,"[""https://t.me/mrwebfinance""]"
truefi-token,"[""https://t.me/jointruefi""]"
everrise,"[""https://t.me/everriseofficial""]"
akash-network,"[""https://t.me/akashnw""]"
jasmy,"[""https://t.me/OfficialJasmyUniverse""]"
star-link,"[""https://t.me/starlinkofficial""]"
onus,"[""https://t.me/onus_global"",""https://t.me/onus_globalchannel""]"
troy,"[""https://t.me/troytrade_official""]"
wanchain,"[""https://t.me/WanchainANN"",""https://t.me/WanchainCHAT""]"
xmon,"[""https://t.me/nft000""]"
richquack-com,"[""https://t.me/richquack""]"
benqi,"[""https://t.me/BenqiFinance""]"
efforce,"[""https://t.me/EFFORCE_ICO""]"
carry,"[""https://t.me/carryprotocol"",""https://t.me/carryprotocol_kr""]"
syntropy,"[""https://t.me/SyntropyNet""]"
stargate-finance,"[""https://t.me/joinchat/LEM0ELklmO1kODdh""]"
radix,"[""https://t.me/radix_dlt""]"
h2o-dao,"[""https://t.me/H2OHomes""]"
linear,"[""https://t.me/LinearExchangeCommunity""]"
chimpion,"[""https://t.me/chimpionio/""]"
terra-virtua-kolect,"[""https://t.me/virtuametaverse""]"
travala,"[""https://t.me/travala""]"
aioz-network,"[""https://t.me/aioznetwork"",""https://t.me/aiozofficial""]"
metahero,"[""https://t.me/metahero_io""]"
bella-protocol,"[""https://t.me/bellaprotocol""]"
kardiachain,"[""https://t.me/kardiachain""]"
elastos,"[""https://t.me/elastosdev""]"
rei-network,"[""https://t.me/GXChain_international""]"
alpha-quark-token,"[""https://t.me/AlphaQuark""]"
vegaprotocol,"[""https://t.me/vegacommunity""]"
onbuff,"[""https://t.me/onbuff_official_kr""]"
moss-coin,"[""https://t.me/mossland_eng""]"
fleta,"[""https://t.me/FLETAofficialGroup""]"
lto-network,"[""https://t.me/joinchat/AJWQTUDKtDlsuGHVFb40eQ""]"
komodo,"[""https://telegram.me/KomodoPlatform_Official""]"
decentral-games,"[""https://t.me/decentralgames""]"
merit-circle,"[""https://t.me/meritcircle""]"
dia,"[""https://t.me/DIAdata_org""]"
keystone-of-opportunity-knowledge,"[""https://t.me/kokworld""]"
super-zero-protocol,"[""https://t.me/SeroOfficial""]"
bitshares,"[""https://t.me/BitSharesDAC""]"
hathor,"[""https://t.me/joinchat/EuErtxILeDefHbdD8pD0dw""]"
alpaca-finance,"[""https://t.me/alpacafinance""]"
wing,"[""https://t.me/WingDAO""]"
phantasma,"[""https://t.me/phantasma_io"",""https://t.me/phantasma_announcements""]"
bzx-protocol,"[""https://t.me/b0xNet""]"
lever,"[""https://t.me/LeverFi""]"
apm-coin,"[""https://t.me/apmcoin_official"",""https://t.me/apmcoin_kor""]"
anchor-protocol,"[""https://t.me/anchor_official""]"
refereum,"[""https://t.me/refereumtalk""]"
clover,"[""https://t.me/clover_en""]"
firmachain,"[""https://t.me/firmachain_global""]"
rizon-blockchain,"[""https://t.me/rizon_atolo_eng""]"
burger-cities,"[""https://t.me/burgercities""]"
bitcoin-diamond,"[""https://t.me/BCDcommunity""]"
platon,"[""https://t.me/PlatONNetwork""]"
bitmart-token,"[""https://t.me/BitmartExchange""]"
litentry,"[""https://t.me/litentry""]"
latoken,"[""https://t.me/latoken""]"
tokocrypto,"[""https://t.me/tkogroupofficial""]"
automata-network,"[""https://t.me/ata_network""]"
qredo,"[""https://t.me/qredonetwork""]"
phala-network,"[""https://t.me/phalanetwork""]"
hard-protocol,"[""https://t.me/hard_protocol""]"
presearch,"[""https://t.me/presearch""]"
contentos,"[""https://t.me/ContentosGlobal""]"
milk-alliance,"[""https://t.me/milkallianceeng""]"
irisnet,"[""https://t.me/irisnetwork""]"
ethernity-chain,"[""https://t.me/ethernitychain"",""https://t.me/EthernityChainNews""]"
bluzelle,"[""https://t.me/bluzelle""]"
safemoon,"[""https://t.me/safemoonv2""]"
fio-protocol,"[""https://t.me/joinFIO""]"
boson-protocol,"[""https://t.me/bosonprotocol""]"
dvision-network,"[""https://t.me/dvisionnetworkglobal"",""https://t.me/dvision_network""]"
alpine-f1-team-fan-token,"[""https://t.me/binance_announcements""]"
gomining-token,"[""https://t.me/gmt_token_talk""]"
aeternity,"[""https://telegram.me/aeternity""]"
pitbull,"[""https://t.me/Pitbull_BSC""]"
beefy-finance,"[""https://t.me/beefyfinance""]"
district0x,"[""https://t.me/district0x""]"
rss3,"[""https://t.me/rss3_en""]"
firo,"[""https://t.me/firoorg""]"
klever,"[""https://t.me/Klever_io"",""https://t.me/Klever_News""]"
nestree,"[""https://t.me/nestree_en"",""https://t.me/Nestree_kr""]"
fox-token,"[""https://t.me/shapeshiftofficial""]"
coinloan,"[""https://t.me/coinloan"",""https://t.me/coinloan_news""]"
venus-usdt,"[""https://t.me/VenusProtocol""]"
handshake,"[""https://t.me/handshake_hns""]"
alitas,"[""https://t.me/Alitastech""]"
cortex,"[""https://t.me/CortexOfficialEN""]"
lazio-fan-token,"[""https://t.me/binanceexchange""]"
tranchess,"[""https://t.me/tranchess""]"
unibright,"[""https://t.me/unibright_io""]"
mantra-dao,"[""https://t.me/MANTRADAO""]"
streamr,"[""https://t.me/streamrdata""]"
groestlcoin,"[""https://t.me/groestl""]"
genopets,"[""https://t.me/Genopets""]"
nash,"[""https://t.me/nashsocial""]"
venus-xvs,"[""https://t.me/VenusProtocol""]"
quickswap,"[""https://t.me/QuickSwapDEX""]"
amo-coin,"[""https://t.me/amo_official""]"
superrare,"[""https://t.me/SuperRare""]"
router-protocol,"[""https://t.me/routerprotocol""]"
hoge-finance,"[""https://t.me/hogefinance""]"
maro,"[""https://t.me/ttc_en"",""https://t.me/ttc_kr""]"
efinity,"[""https://t.me/enjin""]"
terra-krw,"[""https://t.me/terra_announcements""]"
adx-net,"[""https://t.me/AdExNetworkOfficial""]"
reserve,"[""https://t.me/reservecurrency""]"
frontier,"[""https://t.me/FrontierDotXYZ_Chat"",""https://t.me/FRONT_Trade_Room""]"
mithril,"[""https://t.me/mithrilchat""]"
valobit,"[""https://telegram.me/valobit""]"
paris-saint-germain-fan-token,"[""https://t.me/chiliztrade""]"
selfkey,"[""https://t.me/selfkeyfoundation""]"
deeper-network,"[""https://t.me/DeeperNetwork""]"
polyswarm,"[""https://t.me/PolySwarm"",""https://t.me/PolySwarmChinese""]"
smartofgiving,"[""https://t.me/AOGTOKEN""]"
ichi,"[""https://t.me/ichifarm""]"
hyperdao,"[""https://t.me/HyperDAO""]"
stafi,"[""https://t.me/stafi_protocol""]"
akropolis,"[""https://t.me/akropolis_official""]"
hydra,"[""https://t.me/hydrachain""]"
shiba-predator,"[""https://t.me/JoinQOMshibapredator""]"
parsiq,"[""https://t.me/parsiq_group""]"
kiltprotocol,"[""https://t.me/KILTProtocolChat""]"
velo,"[""https://telegram.me/veloprotocol""]"
cudos,"[""https://t.me/cudostelegram""]"
fc-barcelona-fan-token,"[""https://t.me/chiliztrade""]"
hi-dollar,"[""https://t.me/hi_official""]"
morpheus-network,"[""https://t.me/themorpheusnetwork/""]"
elitium,"[""https://t.me/joinchat/JFjFOQ33jXtqZFDh4UbpZA""]"
gifto,"[""https://t.me/GIFTOOfficial""]"
solve,"[""https://t.me/SolveCare""]"
trustswap,"[""https://t.me/TrustSwap""]"
nuls,"[""https://t.me/Nulsio""]"
coinex-token,"[""https://t.me/TheCoinEx""]"
somnium-space-cubes,"[""https://t.me/somniumspace""]"
meverse,"[""https://t.me/MEVerse_EN"",""https://t.me/MEVerse_KR""]"
highstreet,"[""https://t.me/highstreetworld""]"
bonfida,"[""https://t.me/bonfidatg""]"
drep-new,"[""https://t.me/drep_foundation""]"
ooki-protocol,"[""https://t.me/OokiTrade""]"
kin,"[""https://t.me/TheKinChannel""]"
aion,"[""https://t.me/aion_blockchain""]"
derivadao,"[""https://t.me/DerivaDEX""]"
zimbocash,"[""https://t.me/zimbocash"",""https://t.me/joinchat/H_PYllSObo5EnTfffX2EjA""]"
energi,"[""https://t.me/energicrypto""]"
student-coin,"[""https://t.me/studentcoin""]"
ultiledger,"[""https://t.me/ultiledger""]"
waltonchain,"[""https://t.me/waltonchain_en""]"
reapchain,"[""https://t.me/joinchat/MbaQ7RaZchMzjAam9yMS0Q""]"
beam,"[""https://t.me/BeamPrivacy""]"
time-new-bank,"[""https://t.me/tnbgroup"",""https://t.me/tnb_en""]"
bytom,"[""https://t.me/BytomInternational"",""https://t.me/bytomchinese""]"
circuits-of-value,"[""https://t.me/Coval_Chat""]"
derace,"[""https://t.me/DeRaceNFT""]"
measurable-data-token,"[""https://t.me/measurabledata""]"
map-protocol,"[""https://t.me/MAPprotocol""]"
dxdao,"[""https://t.me/dxDAO""]"
dexe,"[""https://t.me/dexe_network_official_chat""]"
get-protocol,"[""https://t.me/getprotocol""]"
kleros,"[""https://t.me/kleros""]"
covalent,"[""https://t.me/CovalentHQ""]"
cratos,"[""https://t.me/CratosOfficial""]"
bounce-token,"[""https://t.me/bounce_finance""]"
lattice-token,"[""https://t.me/Lattice_exchange""]"
manchester-city-fan-token,"[""https://t.me/ChilizTrade""]"
dad,"[""https://t.me/dad_official""]"
rai-finance-sofi,"[""https://t.me/RaiFinance""]"
dego-finance,"[""https://telegram.me/dego_finance""]"
shping,"[""https://t.me/ShpingCommunity"",""https://t.me/ShpingTokenSale""]"
vectorspace-ai,"[""https://t.me/joinchat/GrCYjA8rPgD8coAiEhRuBA""]"
inflation-hedging-coin,"[""https://t.me/joinchat/vfAVmTFyLYgzMmI1""]"
btse,"[""https://t.me/btsecom""]"
dock,"[""https://t.me/dockio""]"
six,"[""https://t.me/SIXnetwork""]"
peakdefi,"[""https://t.me/peakdefi_official""]"
taboo-token,"[""https://t.me/TABOO_OFFICIAL""]"
fusion,"[""https://t.me/FUSIONFoundation""]"
defigram,"[""https://t.me/DefigramNet""]"
bosagora,"[""https://t.me/bosagora_eng"",""https://t.me/bpf_korea""]"
math,"[""https://t.me/mathwallet""]"
aurory,"[""https://t.me/aurory_project""]"
cargox,"[""https://t.me/joinchat/EpKs_UawTRFLogW_lohT7A"",""https://t.me/cargoxcomments""]"
xenioscoin,"[""https://t.me/XeniosCoin""]"
apollox,"[""https://t.me/apolloxchange""]"
apollo-currency,"[""https://t.me/apollocommunity""]"
singularitydao,"[""https://t.me/SingDAO""]"
dodo,"[""https://t.me/dodoex_official""]"
misbloc,"[""https://t.me/misbloc""]"
dforce,"[""https://t.me/dforcenet""]"
league-of-kingdoms,"[""https://t.me/LoK_global""]"
suku,"[""https://t.me/Suku_world""]"
pnetwork,"[""https://t.me/pNetworkDefi"",""https://t.me/eidoocryptoworld""]"
krypton-dao,"[""https://t.me/KryptonDAO""]"
digitalbits,"[""https://t.me/digitalbits""]"
basic,"[""https://t.me/basic_finance_eng""]"
waykichain,"[""https://t.me/WICCWorldCupOfficial"",""https://t.me/WICCWorldCupOfficial""]"
kryll,"[""https://t.me/kryll_io""]"
auto,"[""https://t.me/autofarm_network""]"
mirror-protocol,"[""https://t.me/mirror_protocol""]"
hermez-network,"[""https://t.me/hermeznetwork""]"
arcblock,"[""https://t.me/ArcBlock""]"
haven-protocol,"[""https://t.me/joinchat/IGwnSUvhKSZZ8JyJK2Xifw""]"
hopr,"[""https://t.me/hoprnet""]"
mileverse,"[""https://t.me/mileverse""]"
redfox-labs,"[""https://t.me/rfox""]"
victoria-vr,"[""https://t.me/victoriavrgroup""]"
metronome,"[""https://t.me/metronometoken""]"
electric-vehicle-zone,"[""https://t.me/evzglobal""]"
altura,"[""https://t.me/joinchat/SEp_Uz557XhmNzM5""]"
powerpool,"[""https://t.me/powerpoolcvp""]"
zebec-protocol,"[""https://t.me/zebececosystem""]"
whale,"[""https://t.me/WHALEMembers""]"
vite,"[""https://t.me/vite_en""]"
dextools,"[""https://t.me/DEXToolsCommunity""]"
vidt-datalink,"[""https://t.me/vidtoken""]"
star-atlas,"[""https://t.me/staratlasgame""]"
peony,"[""https://t.me/Peony_Coin_Official""]"
qash,"[""https://t.me/QUOINENews""]"
xeno-token,"[""https://t.me/Xenonfthub""]"
polkadex,"[""https://t.me/Polkadex"",""https://t.me/PolkadexAnnouncements""]"
boringdao,"[""https://t.me/boringdao_official""]"
soda-coin,"[""https://t.me/o2ochain_EN""]"
bscpad,"[""https://t.me/bscpad""]"
the-force-protocol,"[""http://t.me/ForTubeFi""]"
civilization,"[""https://t.me/civsettlers""]"
nimiq,"[""https://t.me/joinchat/AAAAAEJW-ozFwo7Er9jpHw""]"
gari,"[""https://t.me/garitokenofficial""]"
babyswap,"[""https://t.me/baby_swap""]"
airswap,"[""https://t.me/airswap""]"
neblio,"[""https://t.me/joinchat/GFVgz0G-oVXOIJGfFYD-vg""]"
